{
  "name": "motion-ui",
  "version": "1.1.1",
  "authors": [
    "ZURB <foundation@zurb.com>"
  ],
  "description": "Sass library for creating transitions and animations.",
  "main": [
    "dist/motion-ui.css",
    "dist/motion-ui.js"
  ],
  "keywords": [
    "Sass",
    "motion"
  ],
  "license": "MIT",
  "ignore": [
    "**/.*",
    "_build",
    "node_modules",
    "bower_components",
    "docs/src",
    "test"
  ],
  "dependencies": {
    "jquery": "~2.1.4"
  },
  "homepage": "https://github.com/zurb/motion-ui",
  "_release": "1.1.1",
  "_resolution": {
    "type": "version",
    "tag": "v1.1.1",
    "commit": "380fbca4b0dbced0669020fd653ca0d17b945193"
  },
  "_source": "git://github.com/zurb/motion-ui.git",
  "_target": "~1.1.0",
  "_originalSource": "motion-ui"
}